<?xml version="1.0" encoding="UTF-8"?>
<project-private xmlns="http://www.netbeans.org/ns/project-private/1">
    <editor-bookmarks xmlns="http://www.netbeans.org/ns/editor-bookmarks/2" lastBookmarkId="0"/>
    <open-files xmlns="http://www.netbeans.org/ns/projectui-open-files/2">
        <group>
            <file>file:/C:/Users/Daniel/Documents/NetBeansProjects/Calculatorius/src/lt/vilnius/coding/abstracts/SimbolEntity.java</file>
            <file>file:/C:/Users/Daniel/Documents/NetBeansProjects/Calculatorius/src/lt/vilnius/coding/logic/CalculatorManager.java</file>
            <file>file:/C:/Users/Daniel/Documents/NetBeansProjects/Calculatorius/src/lt/vilnius/coding/main/Calculatorius.java</file>
            <file>file:/C:/Users/Daniel/Documents/NetBeansProjects/Calculatorius/src/lt/vilnius/coding/abstracts/CalculatorInterface.java</file>
            <file>file:/C:/Users/Daniel/Documents/NetBeansProjects/Calculatorius/src/lt/vilnius/coding/gui/MainPage.java</file>
        </group>
    </open-files>
</project-private>
