<?xml version="1.0" encoding="UTF-8"?>
<project-private xmlns="http://www.netbeans.org/ns/project-private/1">
    <editor-bookmarks xmlns="http://www.netbeans.org/ns/editor-bookmarks/2" lastBookmarkId="0"/>
    <open-files xmlns="http://www.netbeans.org/ns/projectui-open-files/2">
        <group>
            <file>file:/D:/Users/Adam/Documents/NetBeansProjects/MedisBaltas/src/lt/vilnius/coding/gui/TextEditorPage.java</file>
            <file>file:/D:/Users/Adam/Documents/NetBeansProjects/MedisBaltas/src/lt/vilnius/coding/gui/RegPage.java</file>
            <file>file:/D:/Users/Adam/Documents/NetBeansProjects/MedisBaltas/src/lt/vilnius/coding/abstracts/User.java</file>
            <file>file:/D:/Users/Adam/Documents/NetBeansProjects/MedisBaltas/src/lt/vilnius/coding/gui/NewFilePage.java</file>
            <file>file:/D:/Users/Adam/Documents/NetBeansProjects/MedisBaltas/src/lt/vilnius/coding/main/Main.java</file>
            <file>file:/D:/Users/Adam/Documents/NetBeansProjects/MedisBaltas/src/lt/vilnius/coding/gui/UserMenu.java</file>
            <file>file:/D:/Users/Adam/Documents/NetBeansProjects/MedisBaltas/src/lt/vilnius/coding/gui/UserInfoPage.java</file>
            <file>file:/D:/Users/Adam/Documents/NetBeansProjects/MedisBaltas/src/lt/vilnius/coding/managers/DBManager.java</file>
            <file>file:/D:/Users/Adam/Documents/NetBeansProjects/MedisBaltas/src/lt/vilnius/coding/gui/LoginPage.java</file>
            <file>file:/D:/Users/Adam/Documents/NetBeansProjects/MedisBaltas/src/lt/vilnius/coding/gui/UserEditPage.java</file>
        </group>
    </open-files>
</project-private>
